<?xml version="1.0" encoding="UTF-8" standalone="yes"?>
<addon id="ichigotv" name="Demonstration repository" version="0.0.1" provider-name="cymaluz">
	<extension point="xbmc.addon.repository" name="ICHIGOTV Add-on Repository">
		<info compressed="false">http://raw.github.com/cymaluz/ichigotv/master/addons.xml</info>
		<checksum>http://raw.github.com/cymaluz/ichigotv/master/addons.xml.md5</checksum>
		<datadir zip="true">http://raw.github.com/cymaluz/ichigotv/master/repo/</datadir>
	</extension>
	<extension point="xbmc.addon.metadata">
		<summary>ICHIGOTV NA IPTV</summary>
		<description>SUA IPTV COM NOVO ESTILO</description>
		<disclaimer></disclaimer>
		<platform>all</platform>
	</extension>
</addon>